feature_num_1,feature_num_2,feature_cat,target,feature_num_1_sq,feature_num_2_sq,feature_num_1_x_feature_num_2,row_mean,row_std
,-2.144975054610361,Group C,1.4799537026426677,,4.600917984900722,,-2.144975054610361,0.0
-0.1382643011711846,-0.8009052009848476,Group A,0.5545083710846217,0.01911701697835604,0.6414491409645792,0.1107365979185371,-0.4695847510780161,0.4685578737497968
0.6476885381006925,5.736468025616309,Group B,-2.575073340543641,0.4195004423870122,32.90706540891828,3.7154445893727934,3.192078281858501,3.598310483585297
1.5230298564080254,5.051851327167324,Group C,2.100929638226974,2.3196199435102502,25.52120183180226,7.694120401410342,3.287440591787675,2.4952535915705867
-0.2341533747233359,1.8954920301792595,Group C,-1.7269134787133218,0.054827802894326955,3.592890036473091,-0.44383585562766087,0.8306693277279618,1.505886707329396
-0.2341369569491805,2.58663691654391,Group C,0.3660294439360843,0.0548201146094224,6.690690538027787,-0.6056272963720024,1.1762499797973647,1.9945883341408088
1.5792128155073917,8.388324478942124,Group C,7.680253614806384,2.493913116662783,70.36398756401965,13.246949517779766,4.983768647224758,4.814769031071112
0.7674347291529088,-0.9578569441791496,Group B,-0.2881796991739496,0.5889560635099984,0.9174899255122184,-0.7350926845233585,-0.0952111075131204,1.2199654417377843
-0.4694743859349521,4.735486905850189,Group C,3.4478199788570274,0.22040619904900036,22.4248362354786,-2.223189807227024,2.1330062599576185,3.6804634252347657
0.5425600435859647,0.9890367378305296,Group C,-2.109529275377662,0.2943714008960039,0.9781936687784557,0.5366118155854525,0.7657983907082471,0.3157066981420847
-0.4634176928124622,0.9115939838638988,Group A,-0.104965471490885,0.2147559580116256,0.8310035914168542,-0.4224487807839289,0.2240881455257183,0.9722800807885393
-0.4657297535702568,7.4938842599359505,Group C,5.31240190690653,0.21690420336061214,56.15830130131579,-3.4901248696639966,3.514077253182847,5.628297044577711
0.2419622715660341,6.127081744940149,Group B,-1.880901173363302,0.058545740861395225,37.54113070917882,1.4825226170764985,3.1845220082530914,4.16140788771584
-1.913280244657798,6.067548180003192,Group B,5.437345673990786,3.660641294597803,36.81514091666005,-11.608920066309484,2.0771339676726974,5.643297898564137
-1.7249178325130328,8.527394035771646,Group B,2.1232558063664264,2.975341528921459,72.71644904131385,-14.70905403716779,3.401238101629307,7.249479244903418
,2.105019208163795,Group B,-1.687400327682803,,4.43110586673853,,2.105019208163795,0.0
-1.0128311203344238,5.409764856474819,Group C,1.8972232171665628,1.025826878317884,29.26555580235002,-5.4791782003291845,2.1984668680701978,4.541461168023254
0.3142473325952739,0.4486662170327198,Group C,2.9176633488801897,0.09875138604324468,0.20130137430645162,0.14099216192814443,0.38145677481399687,0.09504850470524889
-0.9080240755212108,3.6208317624422106,Group B,1.8654298866515893,0.8245077217261495,13.110422651910365,-3.2878024137094246,1.3564038434605,3.2023846740402195
-1.4123037013352917,1.3492847281615772,Group B,-4.7106741596713695,1.9946017448053648,1.8205692776500613,-1.9055998157377783,-0.03150948658685726,1.9527379053435439
1.465648768921554,2.484979824963591,Group C,-2.181411527474606,2.1481263138412667,6.175124730476078,3.642107621252786,1.9753142969425723,0.720775902001369
-0.2257763004865356,4.975785127184568,Group B,-0.7425559066545142,0.05097493786138642,24.758437631911146,-1.1234143580316578,2.375004413349016,3.6780593582646164
0.0675282046879238,-2.0911034161673623,Group A,-0.2233002873001388,0.0045600584283741336,4.372713497106813,-0.14120845951056635,-1.0117876057397193,1.526383057190481
-1.4247481862134568,12.461936378427302,Group B,1.8620162926520336,2.029907394118535,155.29985829996977,-17.755121251871792,5.518594096106923,9.81936882385604
-0.5443827245251827,-3.03008690749851,Group B,0.5331030027997615,0.2963525507614609,9.181426666993884,1.649526966252124,-1.7872348160118463,1.7576582838042065
0.110922589709866,-4.07094306393866,Group A,-4.006033076130304,0.012303820907943271,16.572577429830286,-0.45155954721349284,-1.9800102371143973,2.957025561705987
-1.1509935774223028,7.790554367500339,Group A,1.1405935530178897,1.3247862152673906,60.692737352978604,-8.96687804155216,3.319780395039018,6.322629186159437
0.3756980183456719,5.958313469814679,Group C,1.831757235851469,0.14114900098886482,35.50149940457504,2.2385265632916993,3.1670057440801753,3.9475052424905344
-0.600638689918805,5.120599085260776,Group C,1.6793713437931197,0.36076683582737834,26.220534991973494,-3.0756299261704636,2.2599801976709855,4.0455260276101175
-0.2916937497932768,5.1417275463214,Group A,3.2423421766638656,0.08508524366846276,26.437362160600284,-1.4998097884018735,2.4250168982640616,3.842009043526088
,1.938766135765427,Group A,2.501766463646712,,3.7588141291908057,,1.938766135765427,0.0
1.8522781845089376,-2.4862718574291574,Group C,1.37754023768531,3.4309344728077256,6.181547749044232,-4.605267122274544,-0.3169968364601099,3.0678181551716075
-0.0134972247379339,2.379022790968632,Group B,-0.2104971343759411,0.00018217507562629483,5.659749439948179,-0.032110205266370366,1.182762783115349,1.6917671272306578
-1.0577109289559004,-1.3858085575605583,Group A,-4.982882800547975,1.1187524092327537,1.9204653582080753,1.4657848567724145,-1.2217597432582292,0.232000058077579
0.822544912103189,6.875598667088756,Group C,1.2888546573977575,0.676580132426843,47.273857030872676,5.655488701277324,3.8490717895959725,4.280155357036989
-1.2208436499710222,1.2647130924893069,Group B,0.6230630614893334,1.490459217674568,1.599499206313866,-1.5440169480007844,0.02193472125914231,1.7575540276176438
0.2088635950047554,-2.1274859839625577,Group A,0.8147365115861204,0.043624001318310485,4.526196611957133,-0.4443543709326492,-0.9593111944789011,1.6520486305101225
-1.959670123879776,0.3930707917350329,Group B,-3.830245727460929,3.8403069944269768,0.1545046473152056,-0.7702890871329136,-0.7832996660723716,1.663639055806278
-1.3281860488984305,4.064657271378122,Group C,-3.243169621224787,1.764078180488424,16.52143873376704,-5.398621081397984,1.3682356112398457,3.813316081644127
0.1968612358691235,-0.8186227640198736,Group A,3.1594585599987104,0.038754346187918676,0.6701432297715376,-0.16115508903555015,-0.310880764075375,0.7180556225079491
0.7384665799954104,-2.111101977832157,Group B,-0.1186654615699651,0.545332889770118,4.456751560806846,-1.5589782575912599,-0.6863176989183734,2.0149492506958437
0.1713682811899705,3.2184360574595616,Group A,2.0445020921178734,0.029367087798004794,10.358330655955847,0.5515378552866702,1.6949021693247661,2.1546022873352415
-0.1156482823882405,3.224832855543614,Group B,0.0849551283913835,0.013374525219350218,10.39954694619358,-0.37294638073278386,1.5545922865776867,2.362076865057369
-0.3011036955892888,-0.5347158768556488,Group C,0.0892684184872355,0.09066343549752709,0.2859210689615054,0.1610049266115029,-0.41790978622246877,0.1651887575412241
-1.4785219903674274,-0.355191528091614,Group C,2.814851417927993,2.186027276000059,0.1261610216280558,0.5251584850756611,-0.9168567592295207,0.7943145873886468
,3.1602496867881813,Group A,-1.5481341846521215,,9.987178082844798,,3.1602496867881813,0.0
-0.4606387709597875,-5.240421707486621,Group B,0.2883623308229501,0.21218807731134356,27.46201967229699,2.413941414647628,-2.8505302392232044,3.379816927017873
1.0571222262189155,-5.037318871882777,Group A,-1.3868258661151274,1.117507401166036,25.37458141702637,-5.325061740019277,-1.9900983228319307,4.309420628009696
0.3436182895684614,-1.5922211062621798,Group A,-1.3034886822969467,0.11807352892595499,2.53516805122676,-0.5471162931486137,-0.6243014083468592,1.3688451640799155
-1.763040155362734,0.9327642414407638,Group B,-0.9275163704059182,3.108310589421453,0.8700491301105634,-1.6445008131465269,-0.4151379569609851,1.9062215697322635
0.324083969394795,3.554537827990023,Group B,0.6664013149011385,0.10503041921868643,12.634739170612031,1.1519687286589597,1.939310898692409,2.284275829722934
-0.3850822804163165,9.37678108474776,Group B,-1.436245864990432,0.1482883626906306,87.92402351128338,-3.610832243079249,4.495849402165722,6.902679782524049
-0.6769220003059587,6.288298116010097,Group C,3.7672683767205615,0.45822339449822036,39.542693195816135,-4.256687339209747,2.805688057852069,4.925154376704036
0.6116762888408679,1.2003073501828645,Group A,-2.683821906658512,0.37414788233013685,1.4407377349030097,0.7341995454282706,0.9059918195118661,0.4162250150919604
1.030999522495951,1.904918960486556,Group A,-0.5606149324840771,1.0629600153868788,3.628716246021181,1.9639705386551225,1.4679592414912535,0.6179543608138933
0.9312801191161986,-3.012646823189044,Group C,-1.3191931748225247,0.867282660261081,9.076040881271041,-2.80561809235453,-1.0406833520364227,2.788777485408363
-0.8392175232226385,1.9074343200380504,Group B,4.340933653061199,0.7042860512839398,3.6383056852590197,-1.6007523057721902,0.534108398407706,1.9421761439281633
-0.3092123758512146,0.5567068053993083,Group C,0.5896643295347239,0.09561229337955279,0.3099224671779033,-0.17214063395005988,0.12374721477404685,0.6122973250217479
0.3312634314035639,3.613592801690448,Group C,3.095533618405905,0.10973546098526368,13.058052936429021,1.197051151183196,1.972428116547006,2.320957355817626
0.9755451271223592,-2.136154717761615,Group C,-4.456681119110916,0.95168829505218,4.563156978215205,-2.0839153256917817,-0.5803047953196279,2.2003040613345863
,4.5967325712058615,Group A,0.8011507976077765,,21.12995033118485,,4.5967325712058615,0.0
-0.1856589766638171,9.66369456501289,Group C,2.6688923868703114,0.03446925561585578,93.38699264585966,-1.794151643731984,4.739017794174536,6.964544679623338
-1.1063349740060282,1.456199257715712,Group A,0.2468519678262725,1.2239770747089191,2.1205162781717903,-1.6110441679325096,0.17493214185484185,1.8119853322731019
-1.1962066240806708,4.008558610494707,Group A,3.1964411251960536,1.4309102874944752,16.068542133771256,-4.795064362889378,1.4061759932070181,3.6803247918522413
0.812525822394198,5.450719958555562,Group A,-1.5518653503011164,0.6601982120573678,29.71034806659595,4.428850716965827,3.13162289047488,3.2796985261393816
1.356240028570823,-0.0061023594291813,Group B,4.22804232055674,1.8393870150977867,3.7238790602917916e-05,-0.008276264126582276,0.6750688345708208,0.9633215408526775
-0.0720101215803338,3.120462409052084,Group A,6.896694370857751,0.005185457610014457,9.737285646307136,-0.2247048774627019,1.524226143735875,2.257418975161961
1.0035328978920242,2.062962003908974,Group A,-1.0885156813189771,1.0070782771515638,4.255812229572131,2.07025023802391,1.5332474509004992,0.7491295050509872
0.3616360250476341,2.488380492744158,Group B,-1.3365075642023154,0.13078061461225304,6.192037476669659,0.8998880302020704,1.425008258895896,1.5038354349591865
-0.6451197546051243,-1.8650489192773323,Group A,4.360153431353103,0.41617949778177576,3.4784074712975452,1.203179901130745,-1.2550843369412283,0.8626201849069587
0.3613956055084139,2.1225508712947136,Group C,4.738716437192137,0.1306067836807931,4.5052222012339485,0.7670805573539645,1.2419732384015638,1.245324831159889
1.5380365664659692,4.489991456227249,Group C,-1.568580081459805,2.3655564797864277,20.16002327699369,6.905771042797294,3.014014011346609,2.087347320306988
-0.0358260391099515,9.255718038975209,Group A,-1.2605604512875717,0.0012835050783077747,85.66831641701108,-0.33159571645500946,4.609945999932629,6.570113825307725
1.5646436558140062,6.796354130426034,Group B,-0.8453538265815217,2.4481097696790184,46.19042946615902,10.63387237283641,4.180498893120021,3.6993779538028564
-2.6197451040897444,12.765912287557782,Group C,-4.033351533102831,6.863064410402186,162.96851653361875,-33.44343621456861,5.073083591734019,10.879302674646896
,-1.8367378144402475,Group B,-2.7559558394525947,,3.373605798994737,,-1.8367378144402475,0.0
0.0870470682381712,6.361603183603391,Group B,-3.012422300256204,0.007577192088860833,40.469995065632794,0.5537589064272915,3.224325125920781,4.436781178110269
-0.2990073504658674,2.9167100286917584,Group C,-2.303392695312385,0.08940539563261805,8.507197391471077,-0.8721177377563468,1.3088513391129455,2.2738555651817896
0.0917607765355023,12.94901466608836,Group B,-0.1040546621603435,0.008420040110398389,167.67698082257144,1.1882116411298758,6.520387721311931,9.09145141273994
-1.9875689146008928,-2.0414914267757576,Group C,0.7026441976095623,3.950430190287771,4.167687245598918,4.057604899283721,-2.0145301706883254,0.03812897401746104
-0.2196718878375119,-2.1986092109038804,Group B,4.65150147844223,0.04825573830609641,4.833882462271384,0.4829726359761978,-1.2091405493706961,1.3993200006833828
0.3571125715117464,-0.9969632272201108,Group C,-2.995062122216373,0.1275293887317322,0.9939356764291383,-0.3560281017752233,-0.31992532785418215,0.9574761795238869
1.477894044741516,-8.619478621549035,Group A,2.952967195429751,2.184170807482438,74.29541170734086,-12.738676123564131,-3.5707922884037595,7.139920684501739
-0.5182702182736474,-0.6287751084038051,Group C,-0.6419665326765269,0.2686040191494141,0.39535813694821687,0.3258754126774764,-0.5735226633387263,0.07813875716530892
-0.8084936028931876,-1.79566330776849,Group C,-0.1483911289572988,0.6536619059192074,3.224406714866075,1.4517822972808454,-1.3020784553308389,0.6980343924992491
-0.5017570435845365,2.751968932381038,Group C,2.0244584764998117,0.2517601307866945,7.573333004790429,-1.3808197955480028,1.1251059443982507,2.300731701728075
0.915402117702074,3.708779878885797,Group C,-3.368166064686896,0.8379610370934418,13.755048190028146,3.3950249552229,2.3120909982939355,1.9752163573487067
0.3287511096596844,11.380854196079431,Group B,1.147229238552152,0.10807729210247384,129.5238422324188,3.7414684458361886,5.854802652869558,7.815017038780174
-0.5297602037670388,6.752119190930252,Group A,0.4993566246391683,0.28064587349529446,45.5911135685286,-3.5770040384465434,3.1111794935816066,5.149066299773046
0.5132674331133561,-0.8845182783120156,Group C,1.4773537920244473,0.26344345789477347,0.7823725846680523,-0.45399442625105335,-0.18562542259932974,0.988383755194543
,-2.492073356741789,Group B,0.8675059317234544,,6.210429615382288,,-2.492073356741789,0.0
0.9686449905328892,4.459595857532529,Group A,7.365900419732682,0.9382731176844611,19.88799521252129,4.319765187200108,2.714120424032709,2.4684750308445023
-0.7020530938773524,-4.601166035103211,Group A,-1.913219952753948,0.49287854662276254,21.170728882587404,3.2302628503876,-2.6516095644902817,2.757089201353029
-0.3276621465977682,11.157293829271769,Group A,-1.592990865005453,0.10736248231305735,124.48520559270588,-3.655822846321221,5.414815841337,8.121090252166312
-0.3921081531321576,7.897200603606435,Group A,-1.869421579274293,0.15374880375271155,62.36577737360184,-3.096556743594279,3.7525462252371384,5.861426433238888
-1.4635149481321186,-0.345878260523524,Group C,-1.666431357480764,2.141876003406158,0.11963177110277874,0.5061980045101127,-0.9046966043278213,0.7902884807109083
0.296120277064576,-6.565672645454388,Group C,-1.912161381919553,0.08768721848880126,43.10805728726802,-1.944228802887261,-3.134776184194906,4.852020306611017
0.2610552721798893,8.769361870827064,Group B,3.567049593322656,0.06814985513291608,76.90170762151554,2.2892881500327023,4.515208571503477,6.016281292317666
0.0051134566424608,1.4273007737369106,Group B,4.261512743969565,2.6147438834326474e-05,2.0371874987099834,0.007298440622254444,0.7162071151896857,1.005638296034988
-0.2345871333751469,8.189081559867308,Group B,-1.7122388812484288,0.055031123145168954,67.06105679415879,-1.9210531681045482,3.9772472132460805,5.9564332554605635
-1.4153707420504142,-5.972138293971836,Group A,-2.497066719312686,2.00327433745234,35.666435802324834,8.452789808766614,-3.6937545180111253,3.222121236254461
-0.420645322765359,-0.9968751147688644,Group A,1.4142466691592124,0.17694248756437303,0.9937599944454365,0.4193308544087032,-0.7087602187671117,0.4074559934473925
-0.3427145165267695,2.026218498590916,Group C,-1.6566691328429135,0.11745323983817736,4.105561404032026,-0.6944144931221826,0.8417519910320733,1.6750885991664095
-0.8022772692216189,2.23490296882371,Group A,1.8987954532665323,0.643648816709698,4.994791280057033,-1.793011850803175,0.7163128498010456,2.147610742007625
-0.1612857116660091,-0.2503273573962183,Group A,0.6087690625538991,0.026013080787611026,0.06266378586097401,0.040374225987120475,-0.2058065345311137,0.06296195150384112
,5.114249661737494,Group A,-4.547232344991696,,26.155549602582074,,5.114249661737494,0.0
1.8861859012105304,-3.338102146912972,Group B,4.642515603990185,3.557697253925381,11.142925943224993,-6.29628120630785,-0.7259581228512209,3.6941295056999612
0.1745778128318389,1.2881025748935326,Group B,5.387633019286565,0.030477412733148575,1.659208243447349,0.2248741302279729,0.7313401938626858,0.7873809102729604
0.2575503907227643,2.601478158559494,Group C,-1.838366071453159,0.06633220376144856,6.7676886094620965,0.6700117161937351,1.4295142746411291,1.6574072192487992
-0.0744459157661672,4.572194170293745,Group A,-1.1631046798079523,0.005542194374263262,20.90495953086811,-0.34038118206824886,2.248874127263789,3.2856707145862067
-1.9187712152990413,5.558074390444449,Group A,0.857596172174715,3.6816829766601598,30.89219092971443,-10.664673152875572,1.8196515875727037,5.286928229706062
-0.0265138754492168,-3.6232104591893455,Group C,1.003370369961075,0.0007029855913365813,13.127654031579068,0.09606535084124591,-1.824862167319281,2.543248544233134
0.0602302099410264,-5.670570853678111,Group A,1.9756328180184912,0.003627678189540116,32.155373806583704,-0.34153967300249793,-2.8051703218685424,4.052288293716171
2.463242112485286,8.388384109492545,Group A,6.030613616299049,6.067561704720975,70.36498796838704,20.662620994204424,5.425813110988916,4.189708085577035
-0.1923609647811225,3.6615700598979584,Group B,-0.5308416824821482,0.037002740771524247,13.407095303541139,-0.7043431493356438,1.734604547558418,2.7251407617757977
0.3015473423336124,-1.742432682782768,Group C,-2.394891733615361,0.09093079966846483,3.0360716540295547,-0.52542594468837,-0.7204426702245779,1.4453121363696422
-0.0347117697052433,9.755759877612617,Group C,-4.137957684043582,0.0012049069560698463,95.17485078963614,-0.3386396901713417,4.860524053953687,6.922908892833087
-1.168678037619532,2.578373171464293,Group C,-2.1927901198257573,1.3658083556142404,6.648008211326837,-3.013288098277739,0.7048475669223805,2.6495653193964244
1.1428228145150203,7.896485920319132,Group C,-0.0993809186213912,1.3060439853760326,62.354489889798295,9.024284264237341,4.519654367417076,4.775560979963487
0.7519330326867741,2.3375924070505447,Group B,5.383673590553363,0.5654032856455293,5.46433826150036,1.7577129478190923,1.5447627198686593,1.1212304962646407
,12.303739624409936,Group B,-1.5528338971085145,,151.38200874527513,,12.303739624409936,0.0
-0.9093874547947388,10.77670421221602,Group A,0.6713638549166955,0.8269855429380532,116.1373536775945,-9.800199614622867,4.93365837871064,8.263314663310913
1.4027943109360992,0.7551792576046326,Group A,-0.0492686882182562,1.9678318787946854,0.570295711116284,1.0593611663047255,1.078986784270366,0.4579329958091677
-1.4018510627922809,6.857854754771777,Group A,3.565179820344252,1.9651864022518475,47.03017183754587,-9.613690976451913,2.7280018459897484,5.840493994205522
0.5868570938002703,5.226879747925738,Group A,7.580797277620865,0.34440124854369925,27.32027189927622,3.0674314585111877,2.906868420863004,3.28099148359132
2.1904556258099785,8.843157787661744,Group B,-1.592606318760962,4.798095848642585,78.20143965748254,19.37054472590899,5.516806706735861,4.704170811859788
-0.9905363251306885,-2.8246173029005224,Group C,-1.4683183275546663,0.981162211403409,7.978462907845022,2.79788604311564,-1.9075768140156053,1.2968910966263032
-0.5662977296027719,5.4302572999921965,Group B,3.132482631207216,0.32069311855325416,29.48769434411854,-3.075142380144459,2.4319797851947125,4.240204725184901
0.0996513650876412,7.292122434247939,Group A,2.0456744688789343,0.009930394563830356,53.17504959606209,0.7266699549590203,3.6958868996677903,5.085845066491304
-0.5034756541161992,-6.793697432115572,Group B,5.5401219772081,0.2534877342877347,46.15432479913371,3.4204612585019305,-3.6485865431158855,4.447858474390658
-1.5506634310661327,-3.916292563328875,Group C,1.7517845559778915,2.4045570764457906,15.33734744158505,6.072851663310333,-2.733477997197504,1.6727524011954333
0.0685629748060273,-8.196160888800502,Group C,-1.0778762723611786,0.004700881514251934,67.17705331510304,-0.5619531725249751,-4.063798956997237,5.84404228859046
-1.0623037137261049,0.6529658277772112,Group B,1.7719644920769275,1.1284891801962742,0.4263643722447787,-0.6936480237839717,-0.20466894297444682,1.212878724359735
0.4735924306351816,5.587711278979811,Group B,3.3261107417487232,0.2242897903549393,31.222517337238198,2.6462977662996683,3.0306518548074965,3.6162281174584243
-0.9194242342338032,9.51178526048014,Group B,2.4614465435920923,0.8453409224964153,90.47405884148725,-8.74536587931333,4.2961805131231685,7.375978969689729
,2.370473902098876,Group A,1.521822093321893,,5.619146520531872,,2.370473902098876,0.0
-0.7832532923362371,10.14307772785646,Group B,3.200024068767462,0.6134857199555549,102.88202579333776,-7.944599024765931,4.679912217760111,7.726082757867184
-0.3220615162056756,-4.900507291074457,Group B,3.5078867713370183,0.10372362022069863,24.014971709873915,1.5782648083404076,-2.611284403640066,3.2374500547046123
0.8135172173696698,-6.516912196775774,Group B,4.1464769731125815,0.6618102629568905,42.47014458048484,-5.301620276163489,-2.851697489703052,5.183396347751574
-1.2308643164339552,1.7222615055169062,Group C,1.946129662768928,1.5150269654704278,2.96618469338536,-2.1198702307085813,0.24569859454147547,2.088175294398551
0.2274599346041294,3.920327244696536,Group C,-0.501354240950563,0.05173802185011482,15.368965705509932,0.8917173787054608,2.0738935896503325,2.6112515169884656
1.307142754282428,1.8365262595295344,Group A,0.4401410592999685,1.708622180073052,3.372828701941543,2.400601993193441,1.5718345069059811,0.37433066640853313
-1.6074832345612275,-8.337210500199383,Group A,3.6195268995250713,2.5840023493954267,69.50907892463485,13.401926102078335,-4.972346867380305,4.758635785068742
0.1846338585323042,1.554399802436058,Group C,-2.4508070129617083,0.03408966171652693,2.416158745813256,0.28699483322562075,0.869516830484181,0.9685707875727363
0.2598827942484235,-4.522347502524266,Group C,1.1060199266187034,0.0675390667463684,20.451626933587463,-1.1752803055183856,-2.131232354137921,3.381547472043724
0.7818228717773104,5.348362744150192,Group C,-1.180016436982082,0.6112470028341207,28.604984043013772,4.18147231993828,3.065092807963751,3.2290313103136157
-1.236950710878082,3.832991230484241,Group B,0.0862344688044524,1.5300470611417922,14.691821772969094,-4.741221227336935,1.2980202598030794,3.5849903269593884
-1.3204566130842763,-2.699398931636776,Group B,3.835355587821896,1.7436056670379982,7.286754592121769,3.5644391706324114,-2.009927772360526,0.975059464313573
0.5219415656168976,-0.5693345866834676,Group C,0.57329720405971,0.2724229979186183,0.32414187159403485,-0.2971593855334184,-0.023696510533284976,0.771648767438752
0.296984673233186,-3.2960676094447576,Group B,0.1393096444684464,0.08819989613542227,10.86406168603088,-0.9788815619454398,-1.499541468105786,2.5406716342393776
,1.6866045136341403,Group B,-4.079568422939758,,2.844634785411055,,1.6866045136341403,0.0
0.3464482094969757,6.775711602506191,Group A,2.238760698081662,0.12002636186366035,45.91026772033702,2.3474331527561536,3.5610799060015834,4.546175743231247
-0.6800247215784908,-2.928630231677719,Group C,1.9364525434232265,0.46243362195790394,8.57687503389669,1.991540957902992,-1.8043274766281048,1.5900042044045999
0.2322536971610035,4.520232577589222,Group C,6.489764169916381,0.05394177984495512,20.4325025554989,1.0498407281727093,2.3762431373751127,3.032058943935493
0.2930724732986812,-0.6512880918622042,Group B,-0.9233347048590024,0.08589147460540619,0.42417617860151086,-0.19087461191203484,-0.17910780928176148,0.6677637595104224
-0.7143514180263678,-1.964364161311721,Group C,0.6574509829918169,0.5102979484362825,3.8587265582459014,1.4032463241532047,-1.3393577896690445,0.8838924873466723
1.8657745111447568,1.4648482002272107,Group A,0.7481510511322658,3.481114526437456,2.1457802497088987,2.733076434680201,1.6653113556859838,0.28349771320590295
0.4738329209117875,-3.1762116120968704,Group A,4.732359839290423,0.2245176369397963,10.088320204819,-1.5049936255937975,-1.3511893455925414,2.580971240923307
-1.1913034972026486,-0.7682465267359104,Group A,-0.2858865971608563,1.419204022447261,0.5902027258417899,0.9152147740142782,-0.9797750119692795,0.2991464526452675
0.6565536086338297,-3.989389462944242,Group C,0.8370645773110177,0.43106264101010405,15.91522828705055,-2.619248048141818,-1.6664179271552062,3.2851778509195126
-0.9746816702273214,11.823625664581948,Group C,1.8236895291496176,0.9500043582771209,139.7981238561609,-11.524271210897357,5.424471997177314,9.049769904153164
0.787084603742452,2.176317759858643,Group C,0.5598273694690743,0.6195021734484127,4.736358991876143,1.712946201636001,1.4817011818005477,0.9823361853389484
1.158595579007404,-1.498627539962928,Group C,-1.3393008436515847,1.3423437156955018,2.2458845035353376,-1.7363032423797902,-0.170015980477762,1.8789404865495902
-0.8206823183517105,3.0698995536711102,Group C,0.5822699786949228,0.6735194676551383,9.424283269630081,-2.519412282813688,1.1246086176596999,2.751056824468789
0.9633761292443218,1.4383597515458508,Group A,3.220895249579316,0.9280935663977723,2.068878774867042,1.3856814499050663,1.2008679403950864,0.33586414028196104
,0.895152002333885,Group B,-3.0795458982331807,,0.8012971072823637,,0.895152002333885,0.0
0.82206015999449,5.070833500217126,Group A,0.398909022440628,0.6757829066501665,25.713352386924267,4.16853019849391,2.946446830105808,3.004336440596044
1.8967929826539476,5.787538550236525,Group C,-2.10036244481752,3.5978236190452586,33.4956024704739,10.977762508927842,3.8421657664452367,2.7511725747091433
-0.2453881160028705,-0.6525057380526373,Group A,3.5851398867745274,0.06021532747543823,0.425763738191617,0.1601171537417992,-0.4489469270277539,0.28787563129193205
-0.7537361643574896,-0.8790912032234002,Group C,-4.569560714351324,0.5681182054603405,0.7728013435847655,0.662602831638016,-0.8164136837904449,0.08863939803798859
-0.8895144296255233,0.62474151424178,Group C,-1.6767655418147651,0.7912359205120201,0.3903019596171122,-0.5557165917041627,-0.13238645769187163,1.0707406463606062
-0.8158102849654383,-9.509605823677925,Group A,1.1316356251935626,0.6655464210553896,90.4326029217291,7.758034236923679,-5.162708054321682,6.147441779672953
-0.0771017094141042,-5.575955310992761,Group C,4.6965720877030215,0.005944673594576964,31.091277630188376,0.42991568609419484,-2.8265285102034325,3.888276670428338
0.3411519748166439,8.834371337222624,Group B,-0.1972507832189634,0.11638466992129602,78.04611692394066,3.0138632279570534,4.587761656019634,6.005613005262154
0.276690799330019,10.22483856750642,Group C,-1.6655985800795952,0.07655779843388484,104.54732373156675,2.829118756263758,5.25076468341822,7.034402747123352
0.8271832490360238,0.7548198022181083,Group B,5.64347120832177,0.6842321274857925,0.5697529338205841,0.6243742964355037,0.791001525627066,0.05116868395498016
0.013001891877907,4.882784815278832,Group B,-4.344041701248732,0.00016904919240478403,23.841587552317538,0.06348544023134148,2.4478933535783693,3.443456528043243
1.4535340771573169,3.5562507727176804,Group C,-6.596417869860246,2.1127613134575727,12.6469195584551,5.1691316850621885,2.5048924249374984,1.4868452343449021
-0.2646568332379561,17.39440404227619,Group A,1.320043350159997,0.07004323937954329,302.5652919859542,-4.603547889890319,8.564873604519116,12.486841694462102
2.720169166589619,7.597874557172884,Group B,-1.5061626730578337,7.399320294864862,57.727697786535046,20.667504102037434,5.159021861881252,3.449058558311604
,1.3604120425961672,Group A,-3.06369845139214,,1.8507209256406758,,1.3604120425961672,0.0
-0.8571575564162826,-2.777702203002129,Group B,2.12506934189806,0.7347190765215326,7.71562952856288,2.38092843277743,-1.8174298797092057,1.3580301431723734
-1.0708924980611123,-6.032231601287862,Group C,0.7314021413135965,1.1468107424035694,36.387818091575916,6.459871568386342,-3.551562049674487,3.508196523657619
0.4824724152431853,3.0173181793361152,Group C,-1.692235892210185,0.2327796314705926,9.10420899535221,1.455772789541466,1.7498952972896502,1.7924066290521063
-0.2234627853258509,-1.7817537264215169,Group B,-3.840913196012683,0.049935616425587324,3.1746463416169615,0.3981556504708663,-1.002608255873684,1.1018780915103124
0.714000494092092,-5.111268547988371,Group C,2.617371984840434,0.5097967055637515,26.125066169655152,-3.6494482687010663,-2.1986340269481395,4.119087241891159
0.4732376245735448,-1.232864421212633,Group B,1.9506035338759828,0.22395384931201132,1.5199546810919604,-0.5834378301159046,-0.3798133983195441,1.206396325971648
-0.0728289126568727,-3.4077400180719746,Group C,-0.2975275913381487,0.005304050518782393,11.612692030769182,0.24818200013349365,-1.7402844653644236,2.358138257293344
-0.846793718068405,10.435708175362825,Group A,5.5399109881429975,0.7170596009601133,108.90400512133449,-8.836892126492337,4.79445722864721,7.9779335975952845
-1.5148472246858646,6.408198784747253,Group C,-3.210254298978458,2.2947621141384666,41.06501166483616,-9.707442144309706,2.446675780030694,5.602439560923172
-0.4465149520670211,1.9601367934169127,Group A,-4.576575512774216,0.19937560241941413,3.8421362489067366,-0.8752303863573572,0.7568109206749458,1.7017597691861306
0.8563987943234723,9.39972069445013,Group C,-2.075724209643733,0.733418894918697,88.35474913367403,8.049909469704483,5.1280597443868015,6.041040849439099
0.2140937441302039,2.3868415382380914,Group A,-0.1367580490664934,0.04583613127568922,5.697012528658778,0.5110078415668883,1.3004676411841476,1.5363646990217998
-1.245738778711988,-2.306421006641318,Group C,0.7300183479680755,1.5518651047868355,5.31957785987635,2.8731980880090293,-1.776079892676653,0.7500155960528845
0.173180925851182,9.615620386348288,Group A,-0.7237081735689896,0.029991633078672596,92.4601554143568,1.665242041141297,4.8944006560997355,6.676812973460949
,4.694550218423293,Group B,1.0561661895428904,,22.03880175329819,,4.694550218423293,0.0
-0.883857436201133,-3.1862307716322817,Group B,-3.754618272571333,0.7812039675280399,10.152066530096446,2.816173760960066,-2.0350441039167073,1.628023798306455
0.1537251059455279,1.048306609581959,Group A,4.331293812219778,0.02363140819796378,1.098946747693222,0.16115104462138383,0.6010158577637434,0.6325646475453786
0.0582087184459998,-2.3780912669237857,Group C,-0.2464535351777064,0.0033882549031256774,5.655318073819176,-0.13842564499525759,-1.159941274238893,1.722724240659662
-1.142970297830623,-4.913998654821681,Group A,3.351887494764383,1.3063811017230234,24.14738277958929,5.616554506040818,-3.028484476326152,2.6665197232751416
0.3577873603482833,6.630887737658207,Group C,1.0281760391331125,0.12801179522499231,43.96867218942597,2.3724478204225297,3.4943375490032453,4.435751815859737
0.5607845263682344,11.547083202350652,Group B,1.3702596574613517,0.314479285014045,133.3351304820086,6.475425584564806,6.053933864359443,7.768486293927957
1.083051243175277,-4.992837869095706,Group C,1.7093018406966118,1.172999995343513,24.928429987076154,-5.407499261096706,-1.9548933129602146,4.296302393024325
1.053802052034903,4.814846183452854,Group B,1.3431256800519449,1.1104987648729723,23.182743770310513,5.073894788355038,2.9343241177438784,2.659459809667502
-1.377669367957091,-1.2532128456091347,Group C,1.928168279602632,1.8979728874072908,1.570542436399745,1.7265129489260442,-1.3154411067831129,0.08800405091513502
-0.9378250399151228,-0.4356269188234805,Group C,3.987457590397294,0.8795158054918016,0.18977081240363924,0.40854183253373255,-0.6867259793693017,0.3551076969230432
0.5150352672086598,-0.9619696211943456,Group C,0.5895635091044104,0.2652613264686956,0.9253855521007928,-0.495448280898443,-0.2234671769928429,1.044400172435445
0.5137859509122088,-2.31995384839908,Group A,2.127011272765537,0.2639760033547626,5.382185858701701,-1.1919596940721595,-0.9030839487434354,2.0037566282112187
0.5150476863060479,2.242608139724135,Group A,-0.2692070828616801,0.2652741191692131,5.029291268356946,1.155050133656026,1.3788279130150916,1.2215697115216362
3.852731490654721,-2.154750582055189,Group B,4.320351646348419,14.84353993908255,4.642950070867175,-8.301675421990616,0.8489904542997662,4.247931311469794
,3.352284128899194,Group B,-2.029176906177809,,11.237808880869428,,3.352284128899194,0.0
1.135565640180599,1.7488094527543152,Group A,5.402821298732447,1.2895093231587735,3.0583345020428476,1.9858879257708368,1.4421875464674572,0.43362885839156695
0.9540017634932024,0.8052597656679512,Group B,-0.1204738519330302,0.9101193647481401,0.6484432902036037,0.7682192365173484,0.8796307645805768,0.10517647530946983
0.651391251305798,-2.5378183102079896,Group A,-4.292325306354145,0.4243105622777333,6.440521775626936,-1.6531126446731481,-0.9432135294510958,2.2551117075713747
-0.3152692446403456,-0.8838566528416636,Group C,0.3843132447323678,0.0993946966160941,0.781202582772469,0.27865281931173547,-0.5995629487410046,0.40205201203643554
0.7589692204932674,5.77695612912878,Group B,-2.0431549724246425,0.576034277656158,33.373222117878576,4.384531890148674,3.2679626748110238,3.548252571001491
-0.7728252145375718,4.504585938121904,Group B,2.5219306469661724,0.5972588122250438,20.291294473925596,-3.4812575940319896,1.8658803617921662,3.73169321315503
-0.2368186067400088,-2.887776223992756,Group A,-1.9578719379071727,0.05608305249827894,8.33925151985786,0.683879141942888,-1.5622974153663824,1.8745101077975497
-0.4853635478291034,2.496661527146129,Group B,-1.3385502996443392,0.23557777356125434,6.233318781131641,-1.2117884965440726,1.0056489896585128,2.1086101521833096
0.0818741393863225,5.756935616858945,Group B,-5.668622192836593,0.0067033747002509655,33.14230769665908,0.47134414913279377,2.919404878122634,4.012874454371439
2.3146585666735087,-6.347026405606858,Group C,-1.3569189577472305,5.3576442802750615,40.28474419347071,-14.691199042640882,-2.0161839194666746,6.12473618040106
-1.867265192591748,4.716800961899676,Group B,-7.27163797988687,3.486679299464698,22.248211314177706,-8.80751825653854,1.4247678846539638,4.655637825621721
0.6862601903745135,-1.313118794729233,Group C,-4.75170847045717,0.4709530488928635,1.7242809690711538,-0.9011411540552352,-0.3134293021773598,1.4137744385287365
-1.6127158711896517,4.852993342965797,Group A,2.281243968432892,2.600852481186997,23.55154438687034,-7.826499386978665,1.6201387358880726,4.571946830509661
-0.4719318657894334,-1.8162957827125843,Group B,2.3574004759524967,0.2227196859474958,3.2989303702995194,0.8571678575610292,-1.144113824251009,0.9506088420388684
,-7.024410503322596,Group C,1.2763726853548942,,49.3423429191888,,-7.024410503322596,0.0
0.0642800190954627,-6.137712189415813,Group A,-2.9009284293876387,0.004131920854913049,37.67151092010346,-0.39453225673810266,-3.036716085160175,4.385470747504455
-1.077744777929306,2.24042473330691,Group B,-0.1431340684259395,1.161533806353889,5.019502985613338,-2.41460605666518,0.581339977688802,2.34630016252158
-0.7153037092599682,3.2986125086074094,Group A,-0.0108076172717052,0.5116593964810692,10.880844481941267,-2.3595097628182087,1.2916543996737206,2.838267376768682
0.6795977489346758,-2.521583125522043,Group B,-3.4750940675776283,0.4618531003570787,6.358381458917516,-1.7136622158564447,-0.9209926882936836,2.263576704133028
-0.7303666317171367,5.19296229388687,Group A,4.510194905301452,0.5334354167258355,26.966857385730783,-3.792766379220249,2.231297831084867,4.18842605049302
0.2164585895819748,-6.3076003113448,Group A,2.6320868717270143,0.04685432100381781,39.785821687677014,-1.3653342670405204,-3.0455708608814125,4.613206289705777
0.0455718399038137,1.669601006763417,Group C,-0.6628925214889918,0.0020767925922188265,2.787567521785416,0.07608678978346861,0.8575864233336153,1.1483620367311647
-0.6516003476058171,-4.055080998812283,Group A,0.0806575169835923,0.42458301300002166,16.443681906928422,2.6422921883958277,-2.35334067320905,2.406624248105299
2.1439440893253257,-1.2591805390107955,Group B,0.6251484238426575,4.596496258153,1.5855356298235175,-2.6996126740056727,0.44238177515726507,2.4063725019194204
0.6339190223180112,2.23699335658207,Group B,-6.125204605272872,0.4018533268566232,5.004139277392317,1.4180726415363922,1.4354561894500406,1.1335447325042263
-2.025142586657607,-2.302066826419762,Group C,-0.7415321475617908,4.101202496294264,5.299511673302354,4.662013567514386,-2.1636047065386848,0.19581500781074898
0.1864543147694276,0.0772222788508731,Group B,-2.045952743993396,0.03476521149613678,0.005963280350922003,0.014398427088073203,0.13183829681015036,0.0772387133208224
-0.661786464768388,7.031464046072203,Group B,-3.0048600296847465,0.43796132495064083,49.44148663120607,-4.653327733196148,3.1848387906519076,5.439949605582252
0.852433334796224,-0.8844593476157439,Group B,-0.8433008786578646,0.7266425902718112,0.7822683375848672,-0.7539426311797812,-0.016013006409759944,1.228168593926795
,6.178460560325709,Group A,5.393059580548568,,38.173374895500274,,6.178460560325709,0.0
-0.114736441466899,-3.6485342732880905,Group A,1.922528583801029,0.01316445100048714,13.311802343357854,0.4186198390870939,-1.8816353573774949,2.4987724102230833
0.5049872789804571,4.649020889576415,Group B,-1.7135369693483904,0.25501215193208604,21.613395231717885,2.3476964089504984,2.5770040842784363,2.9302742675173743
0.8657551941701215,9.207843103289502,Group C,1.7177483440684758,0.7495320562325447,84.78437461479605,7.971737993776417,5.036799148729812,5.898746929792621
-1.2002964070557762,-10.358222500636447,Group A,4.198066309758007,1.4407114647910058,107.29277337269117,12.432937250998226,-5.7792594538461115,6.475631642376121
-0.3345012358409484,-1.984476277352384,Group C,2.7739010487383062,0.11189107677912176,3.9381460953743765,0.663809767271417,-1.1594887565966663,1.1667085406412914
-0.4749453111609562,4.8853606359027,Group B,0.1788911097605224,0.22557304859377747,23.86674854282763,-2.3202791273522942,2.2052076623708716,3.79030868440329
-0.6533292325737119,0.9847730697850364,Group B,-1.9408103331167217,0.4268390861353553,0.9697779989738442,-0.6433810339419163,0.16572191860566227,1.158313246275167
1.7654542402810969,3.855729366856544,Group A,2.09466994084077,3.116828674526505,14.866648950439966,6.807113760093235,2.8105918035688204,1.4780477165470676
0.4049817109609555,-1.0199259335791029,Group B,1.1804561562652487,0.1640101862128629,1.0402489099872045,-0.4130513496343149,-0.3074721113090737,1.007561858018826
-1.2608839543350452,2.4329489373644995,Group A,2.6855796600831967,1.5898283462995804,5.919240531823047,-3.0676662768393963,0.5860324915147271,2.611934286290662
0.917861947054776,1.2216138230396028,Group B,1.9055154050459089,0.8424705538511844,1.492340332641434,1.1212728421641582,1.0697378850471893,0.21478501130700622
2.122156197012633,7.838910308299036,Group B,3.1486581459580054,4.50354692451912,61.44851482155689,16.635392088583007,4.980533252655834,4.042355598466691
1.0324652605511468,3.2721042165060656,Group A,-1.605705634681704,1.0659845142449476,10.706666003676773,3.3783339324454413,2.152284738528606,1.5836638931652824
-1.5193699659540134,3.688013310376011,Group A,3.952182196902977,2.3084850934431,13.601442177510622,-5.603456657823948,1.0843216722109987,3.682176026930381
,-0.0593848306123367,Group A,0.5927988140771989,,0.003526558106855922,,-0.0593848306123367,0.0
1.2669111491866227,-0.4380311203624676,Group B,6.2257826178757965,1.605063859933369,0.19187126240599858,-0.5549465100779177,0.41444001441207756,1.2055762403297443
-0.7076694656187807,-0.1627909390981043,Group B,-2.067563454268704,0.5007960725691707,0.026500889852442703,0.11520217687913495,-0.4352302023584425,0.3852873010257044
0.4438194281462284,3.972260711891484,Group C,5.207891409495748,0.19697568480004518,15.778855163236639,1.7629664775994085,2.208040070018856,2.4949847587548373
0.7746340534293368,-0.1049224041013148,Group A,0.5937323503879434,0.6000579167323646,0.011008710882399601,-0.08127646718455235,0.334855824664011,0.6219403355563413
-0.926930471578083,3.448874284482065,Group B,-1.954254010843345,0.8592000991399672,11.894733830161677,-3.196866666928484,1.260971906451991,3.094161216158477
-0.0595253560618,12.377003993227197,Group B,-1.4516575021629647,0.0035432680142840696,153.19022784836199,-0.7367455696751692,6.158739318582699,8.793954237307771
-3.241267340069073,6.355623517158461,Group A,-0.9610419245829604,10.505813969798444,40.39395029185769,-20.600274931940653,1.5571780885446942,6.786026603452769
-1.0243876413342898,0.3698823391607944,Group C,1.272497839205749,1.0493700397184296,0.13681294482306092,-0.378902896984136,-0.3272526510867477,0.9858977580129094
-0.2525681513931603,8.006069610819724,Group A,1.5685064641064987,0.06379067109815834,64.09715061329108,-2.022078201529696,3.8767507297132817,5.839738765024025
-1.2477831819648495,-0.0403768651077571,Group C,-1.7211000118157371,1.5569628691943247,0.0016302912359300128,0.05038157322192266,-0.6440800235363033,0.8537651942971234
1.6324113039316352,-8.19062267588927,Group B,-0.0730637767829485,2.6647666652037816,67.08629981879149,-13.370465042360422,-3.2791056859788172,6.945933938957242
-1.430141377960633,-3.0404315545870206,Group C,6.426811075835591,2.045304360955138,9.244224038128447,4.3482469730720705,-2.235286466273827,1.138647103570602
-0.4400444866969837,-7.353959605129278,Group B,5.182629510302134,0.19363915027241188,54.080721873873166,3.236069379629466,-3.8970020459131307,4.8888762647916675
0.1307405772860913,0.2424325797934567,Group A,1.3089710090220965,0.01709309854910041,0.05877355574531075,0.031695775435152916,0.186586578539774,0.07897817237726296
,2.0920918959477586,Group A,0.1140104345046008,,4.376848501090287,,2.0920918959477586,0.0
-1.4358621511794394,10.382186561376413,Group A,0.3600939801547839,2.0617001171896474,107.78979779522498,-14.907388729964202,4.473162205098487,8.356622385041192
1.1631637521549596,3.634636868820813,Group C,1.84055391819125,1.3529499143272044,13.210585168191564,4.227677858058371,2.3989003104878863,1.7475954003146763
0.010233061019587,0.9044973559556788,Group B,-3.068377695595217,0.00010471553783059094,0.8181154669308139,0.009255776635549565,0.4573652084876329,0.6323403471223173
-0.9815086510479508,6.1470279059174455,Group A,-0.7721296122700353,0.963359232081968,37.78595207612781,-6.033361067891142,2.5827596274347475,5.040636539366435
0.4621034742632707,-9.055676545039423,Group A,-5.005752221632768,0.21353962092618528,82.00527768837715,-4.1846595932671296,-4.296786535388076,6.730086793490764
0.19905969557347,3.1780727905428297,Group B,1.1976693678158377,0.03962476240180255,10.100146661988688,0.6326262021957839,1.6885662430581498,2.1064803606963585
-0.6002168771587947,5.854325969434834,Group A,1.9415878191082232,0.3602602996262556,34.27313255639911,-3.5138652512438093,2.6270545461380195,4.564051016285476
0.0698020849900189,-5.392931228899208,Group B,-1.449559386898122,0.0048723310689538215,29.083707239636322,-0.37643784398494956,-2.6615645719545946,3.862735770064733
-0.3853135968617602,7.718770216034645,Group B,4.721960289870099,0.14846656792654706,59.579413647943525,-2.974147115289735,3.6667283095864427,5.73045261940318
0.113517345251248,3.692482037472071,Group B,-3.677296989007024,0.012886187672891037,13.634423597053896,0.4191607582817487,1.9029996913616594,2.530710203496569
0.6621306745210467,-0.0764395695040063,Group B,-4.393124640629461,0.43841703014169625,0.005843007785957809,-0.05061298371578612,0.2928455525085202,0.5222480279327182
1.586016816145352,5.163909330531425,Group B,0.6733554556799162,2.5154493410958394,26.665959573949507,8.190047035272727,3.3749630733383884,2.5299520592789793
-1.237815498826849,13.35346428902198,Group C,3.141294907836464,1.5321872091359612,178.3150085181853,-16.529125059982256,6.057824395097565,10.317592884178117
2.133033374656266,2.909331275292476,Group A,5.051783074373606,4.549831377397499,8.464208469394944,6.205700708130128,2.521182324974371,0.5489255097607445
,3.2411029315016804,Group C,-1.37665278860682,,10.504748212588787,,3.2411029315016804,0.0
-0.1517850950355833,-0.2968044977012205,Group A,3.236042500293886,0.023038715074961053,0.08809290985567382,0.04505049889056832,-0.2242947963684019,0.10254420302849457
0.5883172064845765,-2.249221847323959,Group C,-0.1155254085021216,0.34611713544581585,5.058998918479403,-1.3232559139817102,-0.8304523204196912,2.0064431068296753
0.2809918677350326,6.151679082721228,Group B,-0.5178818998224589,0.07895642973322205,37.84315553678989,1.7285717951603699,3.21633547522813,4.151202739941906
-0.6226995198205938,-2.2804191295443363,Group A,2.650979812460017,0.38775469198479806,5.200311406391749,1.4200158969569547,-1.451559324682465,1.1721847773415752
-0.2081222503572752,2.3578311860969623,Group A,1.9569686352402589,0.04331487109377633,5.559367902131408,-0.4907171324130631,1.0748544678698435,1.8144030751257163
-0.4930009346588328,-0.3882872338255834,Group C,-4.729176470952748,0.24304992157448274,0.15076697595192326,0.1914259691921054,-0.44064408424220813,0.0740437679423301
-0.5893647569442115,4.394899128731959,Group C,4.429621049177687,0.3473508167279095,19.315138351728933,-2.590198656799438,1.9027671858938737,3.5244067927848315
0.8496020970210246,3.6683105264347415,Group A,4.140274062442355,0.7218237232625225,13.456502118351931,3.1166043157832553,2.258956311727883,1.9931278446261222
0.3570154859650473,7.187699721289496,Group C,-1.876688104528588,0.12746005721885886,51.663027283425095,2.5661201089670045,3.7723576036272717,4.830023142941965
-0.6929095952606542,-0.5500819942737349,Group C,1.1874106003122271,0.48012370720428366,0.30259020042416934,0.3811570920123872,-0.6214957947671946,0.10099436519845705
0.8995998754332507,0.6506253235331436,Group C,1.4820905588482165,0.8092799358795202,0.4233133116226078,0.5853024600041344,0.7751125994831971,0.17605159399144774
0.3072995208766093,-2.893818578911537,Group B,0.7820212974717213,0.09443299553099362,8.374185967653586,-0.8892690628033456,-1.2932595290174638,2.2635323157391936
0.8128621188389601,-0.2214663003805581,Group B,-1.6509154615362602,0.6607448242433637,0.049047322204251585,-0.18002156617876605,0.29569790922920103,0.7313806392040835
0.6296288419236122,3.886502465224261,Group C,-2.0148701038141548,0.3964324785820691,15.104901412194259,2.4470540463124153,2.2580656535739365,2.3029574245034903
